PATIENT_ID,FULL_NAME,DOB,GENDER,PHONE,EMAIL,CITY,STATE,REGISTRATION_DATE
1001,Priya Sharma,2008-04-06,Female,9362950628,priya.sharma@example.com,Mumbai,Maharashtra,2024-03-12
1002,Priya Khan,2008-03-23,Other,9193349856,priya.khan@example.com,Bengaluru,Karnataka,2024-01-17
1003,Rahul Verma,1984-10-22,Male,9642621108,rahul.verma@example.com,Noida,Uttar Pradesh,2024-10-14
1004,Navya Mehta,2004-02-25,Other,9685126461,navya.mehta@example.com,Bengaluru,Karnataka,2024-04-22
1005,Aditya Mukherjee,1987-06-24,Male,9914763202,aditya.mukherjee@example.com,Gurugram,Haryana,2024-12-23
1006,Aadhya Iyer,1987-06-19,Male,9331191390,aadhya.iyer@example.com,Hyderabad,Telangana,2024-02-22
1007,Karan Nair,1979-05-04,Female,9469319644,karan.nair@example.com,Pune,Maharashtra,2025-02-17
1008,Anita Mehta,1995-08-11,Other,9234031070,anita.mehta@example.com,Bengaluru,Karnataka,2024-02-10
1009,Pari Kumar,2003-03-14,Other,9488302652,pari.kumar@example.com,Mumbai,Maharashtra,2024-12-26
1010,Karan Sharma,2004-08-30,Male,9930075810,karan.sharma@example.com,Pune,Maharashtra,2024-02-10
1011,Reyansh Das,1979-07-13,Female,9398471886,reyansh.das@example.com,Chennai,Tamil Nadu,2024-11-21
1012,Ananya Singh,1991-08-10,Female,9324956459,ananya.singh@example.com,Pune,Maharashtra,2024-12-25
1013,Karan Mukherjee,2003-06-26,Male,9673528321,karan.mukherjee@example.com,Mumbai,Maharashtra,2024-03-24
1014,Aditya Nair,1987-02-09,Other,9838908273,aditya.nair@example.com,Kolkata,West Bengal,2024-04-22
1015,Vihaan Das,2009-06-19,Male,9345938494,vihaan.das@example.com,Noida,Uttar Pradesh,2025-02-16
1016,Vihaan Nair,1987-01-04,Male,9326541099,vihaan.nair@example.com,Hyderabad,Telangana,2024-04-18
1017,Ayaan Nair,2003-11-02,Female,9253407200,ayaan.nair@example.com,Pune,Maharashtra,2024-03-12
1018,Reyansh Mehta,2000-03-07,Other,9382116655,reyansh.mehta@example.com,Bengaluru,Karnataka,2024-10-25
1019,Myra Iyer,1984-11-02,Male,9647099690,myra.iyer@example.com,Chennai,Tamil Nadu,2024-02-16
1020,Anita Das,1979-12-02,Male,9773715057,anita.das@example.com,Gurugram,Haryana,2025-02-09
1021,Aadhya Mukherjee,1977-11-06,Female,9509760584,aadhya.mukherjee@example.com,Chennai,Tamil Nadu,2024-09-27
1022,Aarav Reddy,1975-07-08,Other,9873869166,aarav.reddy@example.com,Delhi,Delhi,2024-12-15
1023,Pari Mukhopadhyay,1986-12-20,Other,9465260635,pari.mukhopadhyay@example.com,Delhi,Delhi,2024-05-30
1024,Aadhya Singh,1995-05-09,Male,9875340444,aadhya.singh@example.com,Pune,Maharashtra,2024-09-13
1025,Ishita Reddy,1979-10-10,Other,9420452650,ishita.reddy@example.com,Kolkata,West Bengal,2024-11-07
1026,Navya Singh,1991-10-10,Male,9679153816,navya.singh@example.com,Kolkata,West Bengal,2024-01-01
1027,Muhammad Iyer,1996-12-01,Male,9220117054,muhammad.iyer@example.com,Hyderabad,Telangana,2025-03-25
1028,Sara Patel,1977-08-07,Male,9709194872,sara.patel@example.com,Delhi,Delhi,2024-02-13
1029,Ayaan Das,1978-02-07,Other,9922308461,ayaan.das@example.com,Gurugram,Haryana,2024-03-06
1030,Ayaan Reddy,1982-05-29,Female,9666585408,ayaan.reddy@example.com,Bengaluru,Karnataka,2024-04-18
1031,Pari Mukhopadhyay,2007-09-29,Other,9315984311,pari.mukhopadhyay@example.com,Pune,Maharashtra,2024-07-23
1032,Ananya Gupta,1998-03-20,Female,9229927269,ananya.gupta@example.com,Mumbai,Maharashtra,2024-04-25
1033,Karan Iyer,1975-12-11,Other,9694768704,karan.iyer@example.com,Mumbai,Maharashtra,2024-10-28
1034,Reyansh Sharma,1978-03-09,Other,9777641645,reyansh.sharma@example.com,Noida,Uttar Pradesh,2024-04-27
1035,Karan Bose,1976-05-29,Female,9176082500,karan.bose@example.com,Kolkata,West Bengal,2024-05-01
1036,Aarav Khan,1996-10-10,Male,9678998028,aarav.khan@example.com,Gurugram,Haryana,2025-01-05
1037,Krishna Mukherjee,1996-03-15,Male,9942478695,krishna.mukherjee@example.com,Chennai,Tamil Nadu,2025-02-17
1038,Aadhya Patel,1979-03-26,Male,9807577342,aadhya.patel@example.com,Bengaluru,Karnataka,2024-06-30
1039,Aadhya Nair,1995-12-13,Other,9158165865,aadhya.nair@example.com,Delhi,Delhi,2024-02-01
1040,Myra Mehta,1990-03-22,Male,9366992705,myra.mehta@example.com,Mumbai,Maharashtra,2024-04-07
1041,Pari Gupta,1981-04-15,Female,9297018781,pari.gupta@example.com,Pune,Maharashtra,2024-08-24
1042,Reyansh Das,1978-05-20,Female,9967607278,reyansh.das@example.com,Kolkata,West Bengal,2024-02-20
1043,Anita Khan,1999-04-01,Male,9200140141,anita.khan@example.com,Mumbai,Maharashtra,2024-03-26
1044,Aadhya Gupta,1996-08-04,Male,9530613729,aadhya.gupta@example.com,Noida,Uttar Pradesh,2024-03-25
1045,Myra Sharma,1992-07-06,Female,9941889393,myra.sharma@example.com,Chennai,Tamil Nadu,2024-05-26
1046,Aadhya Mehta,2007-10-08,Other,9810678904,aadhya.mehta@example.com,Chennai,Tamil Nadu,2024-03-20
1047,Navya Kumar,1984-10-06,Male,9721890096,navya.kumar@example.com,Kolkata,West Bengal,2024-02-01
1048,Vihaan Sharma,1977-04-01,Other,9611947770,vihaan.sharma@example.com,Kolkata,West Bengal,2025-03-12
1049,Sanvi Singh,1977-07-20,Other,9186019028,sanvi.singh@example.com,Gurugram,Haryana,2024-02-05
1050,Muhammad Verma,2005-04-15,Male,9533550699,muhammad.verma@example.com,Delhi,Delhi,2024-10-18
1051,Reyansh Mukherjee,2001-09-01,Male,9765055833,reyansh.mukherjee@example.com,Delhi,Delhi,2024-08-02
1052,Krishna Mukherjee,1998-06-14,Female,9379995032,krishna.mukherjee@example.com,Mumbai,Maharashtra,2024-12-08
1053,Vihaan Patel,1986-11-30,Female,9240529481,vihaan.patel@example.com,Pune,Maharashtra,2024-08-22
1054,Vihaan Bose,2008-09-22,Male,9110002396,vihaan.bose@example.com,Chennai,Tamil Nadu,2024-11-14
1055,Krishna Verma,1978-04-15,Other,9328872698,krishna.verma@example.com,Kolkata,West Bengal,2024-05-15
1056,Amit Bose,1990-08-28,Male,9362298393,amit.bose@example.com,Hyderabad,Telangana,2024-05-25
1057,Ishita Gupta,1999-05-15,Other,9424825305,ishita.gupta@example.com,Kolkata,West Bengal,2024-01-05
1058,Pari Kumar,2004-10-03,Male,9244193987,pari.kumar@example.com,Pune,Maharashtra,2024-02-29
1059,Priya Mehta,1999-10-26,Male,9392431670,priya.mehta@example.com,Pune,Maharashtra,2024-11-05
1060,Navya Mehta,1990-05-19,Male,9838194420,navya.mehta@example.com,Pune,Maharashtra,2024-09-15
1061,Ayaan Kumar,1977-04-12,Male,9781057736,ayaan.kumar@example.com,Bengaluru,Karnataka,2025-02-28
1062,Aarav Sharma,1975-02-28,Female,9927982963,aarav.sharma@example.com,Gurugram,Haryana,2024-11-22
1063,Aarav Singh,2008-04-01,Female,9692362342,aarav.singh@example.com,Bengaluru,Karnataka,2024-10-14
1064,Rahul Verma,1978-05-17,Other,9260045822,rahul.verma@example.com,Kolkata,West Bengal,2024-01-19
1065,Ananya Mukherjee,1999-10-14,Male,9561479973,ananya.mukherjee@example.com,Gurugram,Haryana,2024-01-22
1066,Sara Iyer,1976-10-15,Female,9325567963,sara.iyer@example.com,Mumbai,Maharashtra,2024-12-07
1067,Priya Iyer,2000-02-12,Female,9766430218,priya.iyer@example.com,Gurugram,Haryana,2024-05-01
1068,Ishita Mukhopadhyay,1982-12-10,Female,9126614158,ishita.mukhopadhyay@example.com,Gurugram,Haryana,2025-01-12
1069,Vihaan Mukhopadhyay,1993-06-20,Other,9889262019,vihaan.mukhopadhyay@example.com,Mumbai,Maharashtra,2024-05-16
1070,Ishita Mukhopadhyay,2006-06-16,Male,9510751046,ishita.mukhopadhyay@example.com,Noida,Uttar Pradesh,2025-03-15
1071,Ayaan Patel,1983-12-14,Female,9475442872,ayaan.patel@example.com,Pune,Maharashtra,2025-02-24
1072,Reyansh Patel,1976-01-23,Other,9307371533,reyansh.patel@example.com,Bengaluru,Karnataka,2024-06-17
1073,Aarav Das,1978-02-11,Female,9477040284,aarav.das@example.com,Kolkata,West Bengal,2024-07-23
1074,Pari Iyer,1976-03-28,Male,9380477683,pari.iyer@example.com,Gurugram,Haryana,2024-10-24
1075,Aarav Sharma,1979-11-12,Other,9566609283,aarav.sharma@example.com,Hyderabad,Telangana,2025-01-08
1076,Vihaan Nair,2002-03-12,Other,9224173718,vihaan.nair@example.com,Bengaluru,Karnataka,2024-10-22
1077,Navya Kumar,1976-12-28,Other,9568213197,navya.kumar@example.com,Noida,Uttar Pradesh,2024-09-23
1078,Pari Khan,2007-04-10,Other,9891388192,pari.khan@example.com,Mumbai,Maharashtra,2024-07-05
1079,Aadhya Verma,2004-10-17,Female,9769108025,aadhya.verma@example.com,Hyderabad,Telangana,2024-12-05
1080,Priya Mehta,1988-06-21,Other,9432091877,priya.mehta@example.com,Bengaluru,Karnataka,2024-06-16
1081,Myra Mehta,1988-04-06,Other,9236674237,myra.mehta@example.com,Mumbai,Maharashtra,2024-08-03
1082,Myra Khan,2008-07-23,Male,9760904107,myra.khan@example.com,Pune,Maharashtra,2024-07-26
1083,Pari Das,1975-01-07,Female,9408071259,pari.das@example.com,Mumbai,Maharashtra,2024-08-08
1084,Krishna Mukherjee,2004-05-14,Female,9599277266,krishna.mukherjee@example.com,Chennai,Tamil Nadu,2024-08-14
1085,Navya Reddy,1996-03-23,Other,9282204745,navya.reddy@example.com,Delhi,Delhi,2024-05-25
1086,Sanvi Khan,2003-05-24,Other,9459905654,sanvi.khan@example.com,Delhi,Delhi,2025-02-23
1087,Reyansh Khan,1988-12-03,Male,9966040317,reyansh.khan@example.com,Mumbai,Maharashtra,2024-03-16
1088,Rahul Sharma,1985-12-25,Female,9756350429,rahul.sharma@example.com,Delhi,Delhi,2024-08-21
1089,Aadhya Bose,2003-04-02,Other,9308773243,aadhya.bose@example.com,Bengaluru,Karnataka,2024-09-10
1090,Myra Patel,1981-08-14,Other,9838328947,myra.patel@example.com,Noida,Uttar Pradesh,2025-01-19
1091,Priya Mukhopadhyay,1994-01-26,Male,9288856883,priya.mukhopadhyay@example.com,Kolkata,West Bengal,2024-08-25
1092,Anita Reddy,1986-03-06,Male,9590122159,anita.reddy@example.com,Gurugram,Haryana,2025-02-14
1093,Aditya Khan,1998-10-29,Other,9739362057,aditya.khan@example.com,Hyderabad,Telangana,2025-01-21
1094,Aditya Mukherjee,2007-04-07,Other,9558209399,aditya.mukherjee@example.com,Kolkata,West Bengal,2024-08-16
1095,Ishita Mehta,1996-04-17,Female,9378304807,ishita.mehta@example.com,Mumbai,Maharashtra,2025-03-06
1096,Aarav Mukhopadhyay,2009-11-19,Other,9620332086,aarav.mukhopadhyay@example.com,Mumbai,Maharashtra,2024-05-20
1097,Aditya Verma,2007-01-03,Female,9351785565,aditya.verma@example.com,Pune,Maharashtra,2024-06-20
1098,Vihaan Bose,1999-03-25,Male,9248578017,vihaan.bose@example.com,Gurugram,Haryana,2024-04-28
1099,Myra Mehta,1981-11-08,Other,9329730155,myra.mehta@example.com,Delhi,Delhi,2024-07-31
1100,Aadhya Iyer,1999-05-05,Female,9546434187,aadhya.iyer@example.com,Noida,Uttar Pradesh,2024-04-15
1101,Aadhya Nair,2009-07-13,Other,9846812123,aadhya.nair@example.com,Noida,Uttar Pradesh,2025-03-14
1102,Krishna Nair,1996-05-24,Male,9477698143,krishna.nair@example.com,Pune,Maharashtra,2025-01-20
1103,Myra Das,1993-10-18,Other,9902638839,myra.das@example.com,Kolkata,West Bengal,2025-02-13
1104,Muhammad Bose,1984-11-22,Female,9335602191,muhammad.bose@example.com,Pune,Maharashtra,2024-08-11
1105,Ayaan Sharma,1992-06-11,Female,9818197581,ayaan.sharma@example.com,Bengaluru,Karnataka,2025-01-05
1106,Ishita Das,1995-12-19,Male,9768143326,ishita.das@example.com,Kolkata,West Bengal,2024-01-14
1107,Myra Mukherjee,2000-04-25,Other,9129100607,myra.mukherjee@example.com,Delhi,Delhi,2024-11-25
1108,Aadhya Singh,1995-09-17,Male,9153992714,aadhya.singh@example.com,Pune,Maharashtra,2024-07-13
1109,Vihaan Patel,1995-05-25,Female,9462388455,vihaan.patel@example.com,Bengaluru,Karnataka,2024-05-22
1110,Aadhya Kumar,1978-09-03,Female,9120812641,aadhya.kumar@example.com,Kolkata,West Bengal,2024-01-27
1111,Ananya Patel,2004-02-29,Male,9938842599,ananya.patel@example.com,Noida,Uttar Pradesh,2025-01-21
1112,Rahul Patel,1983-12-11,Male,9767154083,rahul.patel@example.com,Gurugram,Haryana,2024-05-02
1113,Amit Gupta,2005-01-11,Male,9705557720,amit.gupta@example.com,Mumbai,Maharashtra,2024-08-26
1114,Aarav Mukhopadhyay,1991-07-19,Male,9750572325,aarav.mukhopadhyay@example.com,Delhi,Delhi,2025-02-02
1115,Ishita Kumar,1979-11-07,Other,9127571992,ishita.kumar@example.com,Pune,Maharashtra,2024-10-21
1116,Myra Nair,2007-01-27,Male,9181600593,myra.nair@example.com,Mumbai,Maharashtra,2024-02-22
1117,Sara Das,2005-09-10,Other,9964929067,sara.das@example.com,Delhi,Delhi,2025-02-11
1118,Krishna Mukhopadhyay,1976-11-03,Female,9672030854,krishna.mukhopadhyay@example.com,Bengaluru,Karnataka,2024-12-04
1119,Ananya Verma,1997-09-11,Other,9466394187,ananya.verma@example.com,Noida,Uttar Pradesh,2025-03-10
1120,Aadhya Das,1996-12-27,Male,9565492204,aadhya.das@example.com,Hyderabad,Telangana,2024-11-21
1121,Aditya Mehta,1981-11-11,Female,9289125618,aditya.mehta@example.com,Kolkata,West Bengal,2024-11-29
1122,Aarav Mukherjee,1999-02-21,Female,9599154414,aarav.mukherjee@example.com,Bengaluru,Karnataka,2025-02-26
1123,Krishna Kumar,1989-06-16,Male,9991990632,krishna.kumar@example.com,Delhi,Delhi,2024-05-22
1124,Aditya Patel,2008-08-30,Female,9711871397,aditya.patel@example.com,Bengaluru,Karnataka,2024-06-21
1125,Rahul Gupta,1989-07-31,Male,9623502759,rahul.gupta@example.com,Mumbai,Maharashtra,2024-06-30
1126,Aarav Iyer,1987-07-18,Other,9852890318,aarav.iyer@example.com,Pune,Maharashtra,2024-10-11
1127,Rahul Reddy,1983-07-28,Male,9359154084,rahul.reddy@example.com,Bengaluru,Karnataka,2024-09-07
1128,Pari Mukhopadhyay,1985-10-12,Other,9611201082,pari.mukhopadhyay@example.com,Chennai,Tamil Nadu,2024-08-17
1129,Rahul Verma,1988-03-13,Male,9534222401,rahul.verma@example.com,Mumbai,Maharashtra,2024-06-05
1130,Krishna Iyer,1996-03-24,Other,9670073085,krishna.iyer@example.com,Hyderabad,Telangana,2024-08-05
1131,Pari Iyer,1990-10-13,Other,9587205269,pari.iyer@example.com,Pune,Maharashtra,2024-06-05
1132,Aarav Patel,1980-05-30,Other,9306785808,aarav.patel@example.com,Hyderabad,Telangana,2024-03-02
1133,Pari Mukhopadhyay,2005-12-16,Male,9305665554,pari.mukhopadhyay@example.com,Mumbai,Maharashtra,2025-01-13
1134,Ayaan Kumar,2007-07-03,Other,9916267011,ayaan.kumar@example.com,Kolkata,West Bengal,2024-11-01
1135,Sara Verma,1983-09-16,Female,9344258191,sara.verma@example.com,Hyderabad,Telangana,2024-04-01
1136,Sara Sharma,2006-10-05,Other,9235917419,sara.sharma@example.com,Pune,Maharashtra,2024-01-24
1137,Anita Reddy,1988-02-08,Other,9235591568,anita.reddy@example.com,Chennai,Tamil Nadu,2024-02-22
1138,Rahul Mukherjee,1987-10-03,Female,9614015466,rahul.mukherjee@example.com,Chennai,Tamil Nadu,2024-06-23
1139,Ishita Sharma,1986-04-29,Female,9222500131,ishita.sharma@example.com,Delhi,Delhi,2024-07-24
1140,Ayaan Verma,2000-11-18,Other,9837071174,ayaan.verma@example.com,Noida,Uttar Pradesh,2024-03-18
1141,Amit Mukhopadhyay,2000-03-31,Female,9191462297,amit.mukhopadhyay@example.com,Mumbai,Maharashtra,2024-03-01
1142,Pari Mukhopadhyay,1993-09-01,Other,9740086326,pari.mukhopadhyay@example.com,Mumbai,Maharashtra,2025-02-01
1143,Sanvi Nair,1995-03-18,Female,9419280490,sanvi.nair@example.com,Bengaluru,Karnataka,2024-06-05
1144,Krishna Mukherjee,1977-09-13,Other,9894664845,krishna.mukherjee@example.com,Delhi,Delhi,2025-01-25
1145,Navya Khan,1984-06-19,Female,9809129316,navya.khan@example.com,Delhi,Delhi,2024-03-21
1146,Reyansh Singh,1999-10-05,Male,9268075622,reyansh.singh@example.com,Noida,Uttar Pradesh,2024-07-28
1147,Aditya Mehta,2001-08-21,Female,9412737284,aditya.mehta@example.com,Noida,Uttar Pradesh,2024-04-28
1148,Sara Mehta,1987-09-07,Other,9587512424,sara.mehta@example.com,Delhi,Delhi,2024-12-17
1149,Reyansh Bose,1986-11-13,Other,9733281747,reyansh.bose@example.com,Mumbai,Maharashtra,2024-08-05
1150,Priya Reddy,1985-01-31,Other,9259976144,priya.reddy@example.com,Pune,Maharashtra,2025-02-27
1151,Amit Verma,1977-09-04,Male,9951078441,amit.verma@example.com,Pune,Maharashtra,2024-10-31
1152,Krishna Bose,1987-12-12,Female,9233523720,krishna.bose@example.com,Chennai,Tamil Nadu,2024-12-18
1153,Sara Mehta,1993-01-20,Female,9637377910,sara.mehta@example.com,Kolkata,West Bengal,2024-09-09
1154,Aditya Verma,2001-10-29,Male,9563887247,aditya.verma@example.com,Hyderabad,Telangana,2024-11-05
1155,Aarav Sharma,1979-02-05,Male,9824022357,aarav.sharma@example.com,Noida,Uttar Pradesh,2025-01-26
1156,Aarav Mukherjee,1976-10-21,Male,9605196410,aarav.mukherjee@example.com,Kolkata,West Bengal,2024-11-29
1157,Aditya Bose,1987-06-24,Male,9728492896,aditya.bose@example.com,Bengaluru,Karnataka,2024-11-21
1158,Ayaan Verma,1996-01-31,Female,9538460431,ayaan.verma@example.com,Hyderabad,Telangana,2024-06-13
1159,Priya Das,1982-03-19,Female,9542000551,priya.das@example.com,Chennai,Tamil Nadu,2024-05-27
1160,Myra Das,2009-02-11,Other,9139403247,myra.das@example.com,Chennai,Tamil Nadu,2024-02-15
1161,Vihaan Kumar,1989-07-02,Male,9929517022,vihaan.kumar@example.com,Bengaluru,Karnataka,2025-03-18
1162,Sanvi Das,1975-01-19,Other,9682605435,sanvi.das@example.com,Chennai,Tamil Nadu,2024-07-30
1163,Anita Patel,1998-04-04,Female,9768548027,anita.patel@example.com,Chennai,Tamil Nadu,2024-11-16
1164,Aditya Mukhopadhyay,1977-04-25,Male,9386749454,aditya.mukhopadhyay@example.com,Kolkata,West Bengal,2024-03-08
1165,Sara Gupta,2006-04-28,Female,9230380269,sara.gupta@example.com,Noida,Uttar Pradesh,2024-11-18
1166,Muhammad Mukhopadhyay,1985-09-25,Other,9270057261,muhammad.mukhopadhyay@example.com,Pune,Maharashtra,2024-10-09
1167,Rahul Reddy,1993-04-20,Male,9341270488,rahul.reddy@example.com,Delhi,Delhi,2024-08-24
1168,Priya Khan,1981-11-27,Female,9869446962,priya.khan@example.com,Pune,Maharashtra,2024-09-17
1169,Aarav Nair,1996-08-23,Female,9361704064,aarav.nair@example.com,Chennai,Tamil Nadu,2024-10-09
1170,Amit Nair,1983-07-20,Other,9645719501,amit.nair@example.com,Gurugram,Haryana,2025-03-18
1171,Karan Kumar,2009-08-29,Female,9464938258,karan.kumar@example.com,Kolkata,West Bengal,2024-05-16
1172,Rahul Kumar,2007-07-27,Female,9999232921,rahul.kumar@example.com,Chennai,Tamil Nadu,2025-03-19
1173,Amit Gupta,1999-02-28,Female,9470574014,amit.gupta@example.com,Hyderabad,Telangana,2024-10-09
1174,Pari Nair,1995-06-05,Female,9302563940,pari.nair@example.com,Mumbai,Maharashtra,2024-10-19
1175,Myra Patel,2009-10-15,Female,9146865930,myra.patel@example.com,Hyderabad,Telangana,2025-01-16
1176,Ayaan Mehta,1992-02-07,Female,9812630453,ayaan.mehta@example.com,Gurugram,Haryana,2024-09-10
1177,Anita Singh,1997-07-13,Other,9456476596,anita.singh@example.com,Delhi,Delhi,2025-03-23
1178,Aditya Verma,1998-08-05,Female,9116479358,aditya.verma@example.com,Gurugram,Haryana,2024-07-28
1179,Amit Verma,1996-01-23,Female,9463527356,amit.verma@example.com,Bengaluru,Karnataka,2024-11-28
1180,Karan Das,1989-09-27,Other,9672972597,karan.das@example.com,Bengaluru,Karnataka,2024-06-11
1181,Ayaan Das,1999-04-09,Male,9762992051,ayaan.das@example.com,Delhi,Delhi,2024-04-30
1182,Sara Patel,2008-07-01,Male,9565973314,sara.patel@example.com,Delhi,Delhi,2025-01-24
1183,Priya Gupta,1982-06-18,Other,9421549249,priya.gupta@example.com,Noida,Uttar Pradesh,2024-01-24
1184,Vihaan Mukhopadhyay,1977-07-08,Female,9484897084,vihaan.mukhopadhyay@example.com,Hyderabad,Telangana,2024-08-08
1185,Amit Patel,1998-10-29,Female,9707660630,amit.patel@example.com,Gurugram,Haryana,2024-03-28
1186,Ishita Verma,2002-05-04,Female,9765408938,ishita.verma@example.com,Mumbai,Maharashtra,2024-09-11
1187,Krishna Singh,1985-06-01,Female,9784944881,krishna.singh@example.com,Pune,Maharashtra,2024-08-23
1188,Aarav Khan,1975-06-03,Female,9408842146,aarav.khan@example.com,Kolkata,West Bengal,2024-03-21
1189,Karan Gupta,1990-07-02,Other,9421214426,karan.gupta@example.com,Bengaluru,Karnataka,2024-12-19
1190,Aarav Gupta,1988-07-20,Male,9513061224,aarav.gupta@example.com,Chennai,Tamil Nadu,2024-02-24
1191,Reyansh Nair,2000-08-27,Female,9717199615,reyansh.nair@example.com,Pune,Maharashtra,2024-12-24
1192,Sara Sharma,2004-07-11,Female,9394721069,sara.sharma@example.com,Noida,Uttar Pradesh,2024-10-16
1193,Anita Bose,2002-03-15,Other,9633356861,anita.bose@example.com,Pune,Maharashtra,2025-02-01
1194,Reyansh Mukherjee,1990-10-21,Male,9783563240,reyansh.mukherjee@example.com,Mumbai,Maharashtra,2024-11-13
1195,Aarav Khan,2008-11-22,Other,9924065468,aarav.khan@example.com,Gurugram,Haryana,2024-11-17
1196,Priya Bose,2003-02-23,Other,9142329671,priya.bose@example.com,Pune,Maharashtra,2025-02-07
1197,Aditya Sharma,2000-12-30,Female,9886365312,aditya.sharma@example.com,Gurugram,Haryana,2024-02-16
1198,Sara Iyer,2008-07-12,Female,9288592093,sara.iyer@example.com,Mumbai,Maharashtra,2024-03-08
1199,Pari Bose,1991-05-31,Other,9638798023,pari.bose@example.com,Pune,Maharashtra,2025-03-01
1200,Ishita Kumar,1996-08-12,Female,9901611993,ishita.kumar@example.com,Hyderabad,Telangana,2025-02-15
