PATIENT_ID,FULL_NAME,DOB,GENDER,PHONE,EMAIL,CITY,STATE,REGISTRATION_DATE
1059,Priya Mehta,31/02/1995,Male,12345,priya.mehta[at]example.com,Pune,Maharashtra,2024-11-05
1041,Pari Gupta,1981-04-15,Female,9297018781,pari.gupta@example.com,Pune,Maharashtra,2024-08-24
1035,Karan Bose,1976-05-29,Female,9176082500,karan.bose@example.com,Kolkata,West Bengal,2024-05-01
1103,Myra Das,1993-10-18,Other,9902638839,myra.das@example.com,Kolkata,West Bengal,2025-02-13
1185,Amit Patel,1998-10-29,Female,9707660630,amit.patel[at]example.com,Gurugram,Haryana,2024-03-28
1199,Pari Bose,1991-05-31,Other,12345,pari.bose@example.com,Pune,Maharashtra,2025-03-01
1096,Aarav Mukhopadhyay,2009-11-19,Other,9620332086,aarav.mukhopadhyay@example.com,Mumbai,Maharashtra,2024-05-20
1005,Aditya Mukherjee,31/02/1995,Male,9914763202,aditya.mukherjee@example.com,Gurugram,Haryana,2024-12-23
1030,Ayaan Reddy,1982-05-29,Female,9666585408,ayaan.reddy[at]example.com,Bengaluru,Karnataka,2024-04-18
1169,Aarav Nair,1996-08-23,Female,9361704064,aarav.nair@example.com,Chennai,Tamil Nadu,2024-10-09
1172,Rahul Kumar,2007-07-27,Female,12345,rahul.kumar@example.com,Chennai,Tamil Nadu,2025-03-19
1019,Myra Iyer,1984-11-02,Male,9647099690,myra.iyer@example.com,Chennai,Tamil Nadu,2024-02-16
1012,Ananya Singh,1991-08-10,Female,9324956459,ananya.singh[at]example.com,Pune,Maharashtra,2024-12-25
1090,Myra Patel,1981-08-14,Other,9838328947,myra.patel@example.com,Noida,Uttar Pradesh,2025-01-19
1111,Ananya Patel,31/02/1995,Male,9938842599,ananya.patel@example.com,Noida,Uttar Pradesh,2025-01-21
1119,Ananya Verma,1997-09-11,Other,12345,ananya.verma@example.com,Noida,Uttar Pradesh,2025-03-10
1160,Myra Das,2009-02-11,Other,9139403247,myra.das[at]example.com,Chennai,Tamil Nadu,2024-02-15
1036,Aarav Khan,1996-10-10,Male,9678998028,aarav.khan@example.com,Gurugram,Haryana,2025-01-05
1137,Anita Reddy,1988-02-08,Other,9235591568,anita.reddy@example.com,Chennai,Tamil Nadu,2024-02-22
1060,Navya Mehta,1990-05-19,Male,9838194420,navya.mehta@example.com,Pune,Maharashtra,2024-09-15
1052,Krishna Mukherjee,1998-06-14,Female,12345,krishna.mukherjee[at]example.com,Mumbai,Maharashtra,2024-12-08
1017,Ayaan Nair,31/02/1995,Female,9253407200,ayaan.nair@example.com,Pune,Maharashtra,2024-03-12
1045,Myra Sharma,1992-07-06,Female,9941889393,myra.sharma@example.com,Chennai,Tamil Nadu,2024-05-26
1095,Ishita Mehta,1996-04-17,Female,9378304807,ishita.mehta@example.com,Mumbai,Maharashtra,2025-03-06
1032,Ananya Gupta,1998-03-20,Female,9229927269,ananya.gupta[at]example.com,Mumbai,Maharashtra,2024-04-25
1163,Anita Patel,1998-04-04,Female,12345,anita.patel@example.com,Chennai,Tamil Nadu,2024-11-16
1039,Aadhya Nair,1995-12-13,Other,9158165865,aadhya.nair@example.com,Delhi,Delhi,2024-02-01
1029,Ayaan Das,1978-02-07,Other,9922308461,ayaan.das@example.com,Gurugram,Haryana,2024-03-06
1194,Reyansh Mukherjee,31/02/1995,Male,9783563240,reyansh.mukherjee[at]example.com,Mumbai,Maharashtra,2024-11-13
1028,Sara Patel,1977-08-07,Male,9709194872,sara.patel@example.com,Delhi,Delhi,2024-02-13
1048,Vihaan Sharma,1977-04-01,Other,12345,vihaan.sharma@example.com,Kolkata,West Bengal,2025-03-12
1166,Muhammad Mukhopadhyay,1985-09-25,Other,9270057261,muhammad.mukhopadhyay@example.com,Pune,Maharashtra,2024-10-09
1195,Aarav Khan,2008-11-22,Other,9924065468,aarav.khan[at]example.com,Gurugram,Haryana,2024-11-17
1178,Aditya Verma,1998-08-05,Female,9116479358,aditya.verma@example.com,Gurugram,Haryana,2024-07-28
1177,Anita Singh,1997-07-13,Other,9456476596,anita.singh@example.com,Delhi,Delhi,2025-03-23
1098,Vihaan Bose,31/02/1995,Male,12345,vihaan.bose@example.com,Gurugram,Haryana,2024-04-28
1175,Myra Patel,2009-10-15,Female,9146865930,myra.patel[at]example.com,Hyderabad,Telangana,2025-01-16
1074,Pari Iyer,1976-03-28,Male,9380477683,pari.iyer@example.com,Gurugram,Haryana,2024-10-24
1070,Ishita Mukhopadhyay,2006-06-16,Male,9510751046,ishita.mukhopadhyay@example.com,Noida,Uttar Pradesh,2025-03-15
1173,Amit Gupta,1999-02-28,Female,9470574014,amit.gupta@example.com,Hyderabad,Telangana,2024-10-09
1109,Vihaan Patel,1995-05-25,Female,12345,vihaan.patel[at]example.com,Bengaluru,Karnataka,2024-05-22
1108,Aadhya Singh,1995-09-17,Male,9153992714,aadhya.singh@example.com,Pune,Maharashtra,2024-07-13
1190,Aarav Gupta,31/02/1995,Male,9513061224,aarav.gupta@example.com,Chennai,Tamil Nadu,2024-02-24
1015,Vihaan Das,2009-06-19,Male,9345938494,vihaan.das@example.com,Noida,Uttar Pradesh,2025-02-16
1057,Ishita Gupta,1999-05-15,Other,9424825305,ishita.gupta[at]example.com,Kolkata,West Bengal,2024-01-05
1020,Anita Das,1979-12-02,Male,12345,anita.das@example.com,Gurugram,Haryana,2025-02-09
1115,Ishita Kumar,1979-11-07,Other,9127571992,ishita.kumar@example.com,Pune,Maharashtra,2024-10-21
1040,Myra Mehta,1990-03-22,Male,9366992705,myra.mehta@example.com,Mumbai,Maharashtra,2024-04-07
1186,Ishita Verma,2002-05-04,Female,9765408938,ishita.verma[at]example.com,Mumbai,Maharashtra,2024-09-11
1125,Rahul Gupta,31/02/1995,Male,9623502759,rahul.gupta@example.com,Mumbai,Maharashtra,2024-06-30
1099,Myra Mehta,1981-11-08,Other,12345,myra.mehta@example.com,Delhi,Delhi,2024-07-31
1124,Aditya Patel,2008-08-30,Female,9711871397,aditya.patel@example.com,Bengaluru,Karnataka,2024-06-21
1120,Aadhya Das,1996-12-27,Male,9565492204,aadhya.das[at]example.com,Hyderabad,Telangana,2024-11-21
1054,Vihaan Bose,2008-09-22,Male,9110002396,vihaan.bose@example.com,Chennai,Tamil Nadu,2024-11-14
1034,Reyansh Sharma,1978-03-09,Other,9777641645,reyansh.sharma@example.com,Noida,Uttar Pradesh,2024-04-27
1180,Karan Das,1989-09-27,Other,12345,karan.das@example.com,Bengaluru,Karnataka,2024-06-11
1182,Sara Patel,31/02/1995,Male,9565973314,sara.patel[at]example.com,Delhi,Delhi,2025-01-24
1107,Myra Mukherjee,2000-04-25,Other,9129100607,myra.mukherjee@example.com,Delhi,Delhi,2024-11-25
1200,Ishita Kumar,1996-08-12,Female,9901611993,ishita.kumar@example.com,Hyderabad,Telangana,2025-02-15
1139,Ishita Sharma,1986-04-29,Female,9222500131,ishita.sharma@example.com,Delhi,Delhi,2024-07-24
1117,Sara Das,2005-09-10,Other,12345,sara.das[at]example.com,Delhi,Delhi,2025-02-11
1068,Ishita Mukhopadhyay,1982-12-10,Female,9126614158,ishita.mukhopadhyay@example.com,Gurugram,Haryana,2025-01-12
1079,Aadhya Verma,2004-10-17,Female,9769108025,aadhya.verma@example.com,Hyderabad,Telangana,2024-12-05
1043,Anita Khan,31/02/1995,Male,9200140141,anita.khan@example.com,Mumbai,Maharashtra,2024-03-26
1018,Reyansh Mehta,2000-03-07,Other,9382116655,reyansh.mehta[at]example.com,Bengaluru,Karnataka,2024-10-25
1006,Aadhya Iyer,1987-06-19,Male,12345,aadhya.iyer@example.com,Hyderabad,Telangana,2024-02-22
1128,Pari Mukhopadhyay,1985-10-12,Other,9611201082,pari.mukhopadhyay@example.com,Chennai,Tamil Nadu,2024-08-17
1106,Ishita Das,1995-12-19,Male,9768143326,ishita.das@example.com,Kolkata,West Bengal,2024-01-14
1049,Sanvi Singh,1977-07-20,Other,9186019028,sanvi.singh[at]example.com,Gurugram,Haryana,2024-02-05
1067,Priya Iyer,2000-02-12,Female,9766430218,priya.iyer@example.com,Gurugram,Haryana,2024-05-01
1055,Krishna Verma,31/02/1995,Other,12345,krishna.verma@example.com,Kolkata,West Bengal,2024-05-15
1085,Navya Reddy,1996-03-23,Other,9282204745,navya.reddy@example.com,Delhi,Delhi,2024-05-25
1184,Vihaan Mukhopadhyay,1977-07-08,Female,9484897084,vihaan.mukhopadhyay[at]example.com,Hyderabad,Telangana,2024-08-08
1159,Priya Das,1982-03-19,Female,9542000551,priya.das@example.com,Chennai,Tamil Nadu,2024-05-27
1167,Rahul Reddy,1993-04-20,Male,9341270488,rahul.reddy@example.com,Delhi,Delhi,2024-08-24
1114,Aarav Mukhopadhyay,1991-07-19,Male,12345,aarav.mukhopadhyay@example.com,Delhi,Delhi,2025-02-02
1013,Karan Mukherjee,2003-06-26,Male,9673528321,karan.mukherjee[at]example.com,Mumbai,Maharashtra,2024-03-24
1118,Krishna Mukhopadhyay,31/02/1995,Female,9672030854,krishna.mukhopadhyay@example.com,Bengaluru,Karnataka,2024-12-04
1094,Aditya Mukherjee,2007-04-07,Other,9558209399,aditya.mukherjee@example.com,Kolkata,West Bengal,2024-08-16
1121,Aditya Mehta,1981-11-11,Female,9289125618,aditya.mehta@example.com,Kolkata,West Bengal,2024-11-29
1155,Aarav Sharma,1979-02-05,Male,12345,aarav.sharma[at]example.com,Noida,Uttar Pradesh,2025-01-26
1091,Priya Mukhopadhyay,1994-01-26,Male,9288856883,priya.mukhopadhyay@example.com,Kolkata,West Bengal,2024-08-25
1082,Myra Khan,2008-07-23,Male,9760904107,myra.khan@example.com,Pune,Maharashtra,2024-07-26
1123,Krishna Kumar,1989-06-16,Male,9991990632,krishna.kumar@example.com,Delhi,Delhi,2024-05-22
1192,Sara Sharma,31/02/1995,Female,9394721069,sara.sharma[at]example.com,Noida,Uttar Pradesh,2024-10-16
1014,Aditya Nair,1987-02-09,Other,12345,aditya.nair@example.com,Kolkata,West Bengal,2024-04-22
1083,Pari Das,1975-01-07,Female,9408071259,pari.das@example.com,Mumbai,Maharashtra,2024-08-08
1133,Pari Mukhopadhyay,2005-12-16,Male,9305665554,pari.mukhopadhyay@example.com,Mumbai,Maharashtra,2025-01-13
1188,Aarav Khan,1975-06-03,Female,9408842146,aarav.khan[at]example.com,Kolkata,West Bengal,2024-03-21
1046,Aadhya Mehta,2007-10-08,Other,9810678904,aadhya.mehta@example.com,Chennai,Tamil Nadu,2024-03-20
1100,Aadhya Iyer,1999-05-05,Female,12345,aadhya.iyer@example.com,Noida,Uttar Pradesh,2024-04-15
1037,Krishna Mukherjee,31/02/1995,Male,9942478695,krishna.mukherjee@example.com,Chennai,Tamil Nadu,2025-02-17
1162,Sanvi Das,1975-01-19,Other,9682605435,sanvi.das[at]example.com,Chennai,Tamil Nadu,2024-07-30
1187,Krishna Singh,1985-06-01,Female,9784944881,krishna.singh@example.com,Pune,Maharashtra,2024-08-23
1154,Aditya Verma,2001-10-29,Male,9563887247,aditya.verma@example.com,Hyderabad,Telangana,2024-11-05
1104,Muhammad Bose,1984-11-22,Female,12345,muhammad.bose@example.com,Pune,Maharashtra,2024-08-11
1196,Priya Bose,2003-02-23,Other,9142329671,priya.bose[at]example.com,Pune,Maharashtra,2025-02-07
1198,Sara Iyer,2008-07-12,Female,9288592093,sara.iyer@example.com,Mumbai,Maharashtra,2024-03-08
1149,Reyansh Bose,31/02/1995,Other,9733281747,reyansh.bose@example.com,Mumbai,Maharashtra,2024-08-05
1174,Pari Nair,1995-06-05,Female,9302563940,pari.nair@example.com,Mumbai,Maharashtra,2024-10-19
1076,Vihaan Nair,2002-03-12,Other,12345,vihaan.nair[at]example.com,Bengaluru,Karnataka,2024-10-22
1022,Aarav Reddy,1975-07-08,Other,9873869166,aarav.reddy@example.com,Delhi,Delhi,2024-12-15
1092,Anita Reddy,1986-03-06,Male,9590122159,anita.reddy@example.com,Gurugram,Haryana,2025-02-14
1153,Sara Mehta,1993-01-20,Female,9637377910,sara.mehta@example.com,Kolkata,West Bengal,2024-09-09
1003,Rahul Verma,1984-10-22,Male,9642621108,rahul.verma[at]example.com,Noida,Uttar Pradesh,2024-10-14
1071,Ayaan Patel,31/02/1995,Female,12345,ayaan.patel@example.com,Pune,Maharashtra,2025-02-24
1086,Sanvi Khan,2003-05-24,Other,9459905654,sanvi.khan@example.com,Delhi,Delhi,2025-02-23
1151,Amit Verma,1977-09-04,Male,9951078441,amit.verma@example.com,Pune,Maharashtra,2024-10-31
1007,Karan Nair,1979-05-04,Female,9469319644,karan.nair[at]example.com,Pune,Maharashtra,2025-02-17
1113,Amit Gupta,2005-01-11,Male,9705557720,amit.gupta@example.com,Mumbai,Maharashtra,2024-08-26
1001,Priya Sharma,2008-04-06,Female,12345,priya.sharma@example.com,Mumbai,Maharashtra,2024-03-12
1156,Aarav Mukherjee,1976-10-21,Male,9605196410,aarav.mukherjee@example.com,Kolkata,West Bengal,2024-11-29
1078,Pari Khan,31/02/1995,Other,9891388192,pari.khan[at]example.com,Mumbai,Maharashtra,2024-07-05
1066,Sara Iyer,1976-10-15,Female,9325567963,sara.iyer@example.com,Mumbai,Maharashtra,2024-12-07
1056,Amit Bose,1990-08-28,Male,9362298393,amit.bose@example.com,Hyderabad,Telangana,2024-05-25
1168,Priya Khan,1981-11-27,Female,12345,priya.khan@example.com,Pune,Maharashtra,2024-09-17
1089,Aadhya Bose,2003-04-02,Other,9308773243,aadhya.bose[at]example.com,Bengaluru,Karnataka,2024-09-10
1131,Pari Iyer,1990-10-13,Other,9587205269,pari.iyer@example.com,Pune,Maharashtra,2024-06-05
1047,Navya Kumar,1984-10-06,Male,9721890096,navya.kumar@example.com,Kolkata,West Bengal,2024-02-01
1063,Aarav Singh,31/02/1995,Female,9692362342,aarav.singh@example.com,Bengaluru,Karnataka,2024-10-14
